{
  "model_config": {
    "hidden_dims": [
      256,
      128
    ],
    "dropout": 0.5,
    "learning_rate": 0.002,
    "batch_size": 32,
    "max_features": 3000,
    "best_dev_f1": 0.8125000000000001
  },
  "results": {
    "train": {
      "accuracy": 0.9462962962962963,
      "precision": 0.900709219858156,
      "recall": 0.8943661971830986,
      "f1": 0.8975265017667845,
      "tp": 127,
      "fp": 14,
      "fn": 15,
      "tn": 384
    },
    "dev": {
      "accuracy": 0.8676470588235294,
      "precision": 0.7647058823529411,
      "recall": 0.7222222222222222,
      "f1": 0.7428571428571428,
      "tp": 13,
      "fp": 4,
      "fn": 5,
      "tn": 46
    },
    "test": {
      "accuracy": 0.8088235294117647,
      "precision": 0.6666666666666666,
      "recall": 0.631578947368421,
      "f1": 0.6486486486486486,
      "tp": 12,
      "fp": 6,
      "fn": 7,
      "tn": 43
    }
  },
  "test_summary": {
    "accuracy": 0.8088235294117647,
    "precision": 0.6666666666666666,
    "recall": 0.631578947368421,
    "f1": 0.6486486486486486
  }
}