{
  "train_loss": [
    0.6718326253720741,
    0.5313162866830872,
    0.31975074897026806,
    0.13408047483944704,
    0.04847181467153219,
    0.020980817374782596,
    0.01023001638748236,
    0.00555524059917607,
    0.003540319148145391,
    0.002438002958844502,
    0.0018782156992330442,
    0.0013585418130555678,
    0.0013323740884399085,
    0.0009920421885659606,
    0.000939403400804166,
    0.0008467539163695495,
    0.0008298452281850121,
    0.0005571507766320939,
    0.0008749362553728011,
    0.00047296756664332316
  ],
  "train_acc": [
    0.7407407407407407,
    0.8629629629629629,
    0.9055555555555556,
    0.9574074074074074,
    0.9925925925925926,
    0.9981481481481481,
    0.9981481481481481,
    1.0,
    1.0,
    1.0,
    1.0,
    1.0,
    1.0,
    1.0,
    1.0,
    1.0,
    1.0,
    1.0,
    1.0,
    1.0
  ],
  "train_f1": [
    0.06666666666666668,
    0.7338129496402879,
    0.8338762214983714,
    0.9235880398671096,
    0.9861111111111112,
    0.9964912280701755,
    0.9964912280701755,
    1.0,
    1.0,
    1.0,
    1.0,
    1.0,
    1.0,
    1.0,
    1.0,
    1.0,
    1.0,
    1.0,
    1.0,
    1.0
  ],
  "dev_loss": [
    0.6153198235175641,
    0.4709318660412966,
    0.3748448012155109,
    0.416269283159956,
    0.5804911286427092,
    0.48187706590555973,
    0.49243863050182585,
    0.6455492941164568,
    0.5766261757880755,
    0.6343625038027668,
    0.6938846242151145,
    0.6394615844455783,
    0.6391725456825021,
    0.7210890715970116,
    0.6379286738314839,
    0.6547508433635242,
    0.7385938859940676,
    0.7525201453007051,
    0.7443893378898354,
    0.767114581360711
  ],
  "dev_acc": [
    0.8235294117647058,
    0.7647058823529411,
    0.7794117647058824,
    0.8676470588235294,
    0.8676470588235294,
    0.8676470588235294,
    0.8382352941176471,
    0.8676470588235294,
    0.8529411764705882,
    0.8529411764705882,
    0.8676470588235294,
    0.8529411764705882,
    0.8529411764705882,
    0.8676470588235294,
    0.8382352941176471,
    0.8382352941176471,
    0.8676470588235294,
    0.8676470588235294,
    0.8676470588235294,
    0.8676470588235294
  ],
  "dev_f1": [
    0.5,
    0.6363636363636364,
    0.6511627906976745,
    0.7272727272727272,
    0.6896551724137931,
    0.6896551724137931,
    0.6451612903225806,
    0.6896551724137931,
    0.6666666666666667,
    0.6666666666666667,
    0.6896551724137931,
    0.6666666666666667,
    0.6666666666666667,
    0.6896551724137931,
    0.6451612903225806,
    0.6451612903225806,
    0.6896551724137931,
    0.6896551724137931,
    0.6896551724137931,
    0.6896551724137931
  ]
}